Imię,Pierwsza litera nazwiska
Anna,N
Katarzyna,K
Piotr,P
Paweł,P
Michał,M
Jan,J
Natalia,N
Mateusz,M
Aleksandra,A
Maria,M
Szymon,S
Oliwia,O
Wojciech,W
Karolina,K
Bartosz,B
Kamila,K
Dawid,D
Dominika,D
Patryk,P
Julia,J
Mikołaj,M
Ola,O
Maciej,M
Nikola,N
Zuzanna,Z
Łukasz,Ł
Klaudia,K
Rafał,R
Kornelia,K
Arkadiusz,A
Marcelina,M
Igor,I
Klaudiusz,K
Martyna,M
Ewa,E
Artur,A
Wiktoria,W
Damian,D
Gabriela,G
Sebastian,S
Alicja,A
Tomasz,T
Martina,M
Kamil,K
Monika,M
Dariusz,D
Aleksander,A
Paulina,P
Przemysław,P
Hanna,H
Łukasz,Ł
Kornelia,K
Daniel,D
Kinga,K
Krystian,K
Weronika,W
Radosław,R
Agata,A
Daniel,D
Nina,N
Paweł,P
Izabela,I
Rafał,R
Natalia,N
Kamil,K
Adrianna,A
Marek,M
Gabriel,G
Julia,J
Dominik,D
Weronika,W
Miłosz,M
Nadia,N
Kacper,K
Magdalena,M
Mikołaj,M
Wiktoria,W
Piotr,P
Katarzyna,K
Jan,J
Natalia,N
Bartosz,B
Sandra,S
Dawid,D
Emilia,E
Szymon,S
Karolina,K
Oskar,O
Klaudia,K
Paweł,P
Wiktoria,W
Igor,I
Anna,A
Kamila,K
Dariusz,D
Magdalena,M
Przemysław,P
Aleksandra,A
Mikołaj,M
Justyna,J
Marcin,M
Natalia,N
Krzysztof,K
Ewa,E
Łukasz,Ł
Martyna,M
Michał,M
Klaudia,K
Mateusz,M
Julia,J
Piotr,P
Olga,O
